,City,Cloudiness,Country,Date,Humidity,Latitude,Longitude,Max Temp,Wind Speed
0,Port Elizabeth,1,US,1546574100,88,39.31,-74.98,37.94,5.64
1,Komsomolskiy,76,RU,1546575811,80,67.55,63.78,8.1,7.65
2,Pilar,0,AR,1546574400,72,-34.46,-58.91,71.6,6.93
3,Ushuaia,40,AR,1546574400,66,-54.81,-68.31,48.2,19.46
4,Norman Wells,75,CA,1546574160,85,65.28,-126.83,14.0,6.93
5,Provideniya,64,RU,1546575814,100,64.42,-173.23,12.92,20.29
6,Albany,90,US,1546573920,66,42.65,-73.75,35.06,2.39
7,Carnarvon,0,ZA,1546575815,58,-30.97,22.13,59.9,4.97
8,Bahia Blanca,0,AR,1546575815,83,-38.72,-62.27,63.64,4.18
9,Lebu,32,ET,1546570800,93,8.96,38.73,46.4,9.17
10,Daru,0,SL,1546575816,90,7.99,-10.85,68.58,2.84
11,Hanmer Springs,36,NZ,1546575817,40,-42.52,172.83,71.51,1.95
12,Bethel,1,US,1546574160,91,60.79,-161.76,14.0,10.29
13,Laguna,0,MX,1546575819,52,27.52,-110.01,51.49,4.07
14,Tual,76,ID,1546575820,100,-5.67,132.75,81.45,13.8
15,Anadyr,20,RU,1546574400,65,64.73,177.51,-36.41,13.42
16,Kununurra,24,AU,1546574400,83,-15.77,128.74,75.2,19.46
17,Barra,0,GM,1546570800,55,13.49,-16.54,66.2,5.82
18,Belonia,0,IN,1546575822,58,23.25,91.45,66.47,4.18
19,Georgetown,40,GY,1546574400,94,6.8,-58.16,75.2,6.93
20,Sao Gabriel da Cachoeira,80,BR,1546575823,98,-0.13,-67.09,73.9,2.17
21,Mataura,76,NZ,1546575824,71,-46.19,168.86,61.88,20.51
22,Hobart,20,AU,1546570800,53,-42.88,147.33,75.2,21.92
23,Saint-Prosper,68,CA,1546575825,91,46.21,-70.48,16.97,6.2
24,Okhotsk,0,RU,1546575825,100,59.36,143.24,-9.86,5.97
25,Bandarbeyla,100,SO,1546575826,100,9.49,50.81,76.5,16.49
26,Punta Arenas,75,CL,1546574400,81,-53.16,-70.91,50.0,10.29
27,Hilo,90,US,1546573980,64,19.71,-155.08,75.02,8.05
28,Voykove,92,UA,1546575828,98,45.38,36.44,32.18,19.84
29,Jalu,0,LY,1546575828,75,29.03,21.55,36.77,2.95
30,Saint George,90,GR,1546573800,86,39.45,22.34,33.8,9.17
31,Ostrovnoy,24,RU,1546575829,80,68.05,39.51,6.17,13.8
32,Upernavik,92,GL,1546575830,100,72.79,-56.15,15.08,11.68
33,Latung,68,ID,1546575830,89,-8.45,120.42,77.72,5.41
34,Evanston,1,US,1546574100,69,42.04,-87.69,37.04,10.29
35,Bluff,0,AU,1546575831,40,-23.58,149.07,92.07,12.91
36,Chuy,8,UY,1546575832,89,-33.69,-53.46,60.04,8.1
37,Doka,0,SD,1546575832,67,13.52,35.76,70.88,12.57
38,Mar del Plata,100,AR,1546575833,37,-46.43,-67.52,70.61,10.67
39,Ancud,75,CL,1546574400,87,-41.87,-73.83,51.8,9.17
40,Launceston,0,AU,1546574400,29,-41.43,147.14,87.8,20.8
41,Chokurdakh,56,RU,1546575835,69,70.62,147.9,-9.81,6.08
42,Montevideo,1,US,1546575360,89,44.94,-95.72,40.1,6.93
43,Uglegorsk,8,RU,1546575836,76,49.08,142.06,21.7,5.97
44,Nishihara,1,JP,1546574160,26,35.74,139.53,50.0,5.82
45,Butaritari,92,KI,1546575837,100,3.07,172.79,83.3,15.59
46,Bubaque,8,GW,1546575838,100,11.28,-15.83,77.58,10.22
47,Avera,90,US,1546575300,100,33.19,-82.53,62.6,3.74
48,Zabid,0,YE,1546575839,52,14.2,44.5,28.4,1.5
49,Rikitea,100,PF,1546575839,100,-23.12,-134.97,76.06,22.08
50,Jamestown,0,AU,1546575840,35,-33.21,138.6,92.48,13.91
51,Nikolskoye,75,RU,1546574400,92,59.7,30.79,19.4,2.24
52,Walvis Bay,0,NA,1546570800,77,-22.95,14.51,64.4,11.41
53,Santa Fe,0,AR,1546575718,87,-31.62,-60.7,60.57,6.2
54,Nosy Varika,56,MG,1546575842,100,-20.58,48.53,79.07,4.52
55,Cody,1,US,1546575300,54,44.53,-109.06,35.96,9.17
56,Hualmay,32,PE,1546575844,96,-11.1,-77.61,62.78,2.39
57,Castro,75,CL,1546574400,87,-42.48,-73.76,51.8,9.17
58,Birao,12,CF,1546575845,38,10.3,22.78,66.02,11.45
59,Lata,20,IN,1546575845,66,30.78,78.62,21.83,1.83
60,Cafarnaum,0,BR,1546575749,61,-11.69,-41.47,70.2,8.66
61,Leningradskiy,44,RU,1546575846,88,69.38,178.42,-10.26,15.26
62,Saint-Philippe,90,CA,1546574100,92,45.36,-73.48,25.34,6.93
63,Alta Floresta,20,BR,1546575848,98,-9.87,-56.08,72.45,1.95
64,Kahului,40,US,1546574160,66,20.89,-156.47,75.92,13.87
65,Machala,75,EC,1546570800,33,-3.26,-79.96,89.6,3.36
66,Kapaa,75,US,1546574160,70,22.08,-159.32,77.0,23.04
67,Arraial do Cabo,0,BR,1546575850,90,-22.97,-42.02,76.91,13.13
68,Hofn,92,IS,1546575851,88,64.25,-15.21,45.32,16.04
69,Aldan,48,RU,1546575851,59,58.61,125.39,-3.11,6.08
70,Pagudpud,75,PH,1546574400,74,18.56,120.79,84.2,8.05
71,Sakaiminato,20,JP,1546570800,37,35.55,133.23,51.8,8.05
72,Dingle,88,PH,1546575853,89,11.0,122.67,78.26,15.7
73,Aksu,90,KZ,1546574400,83,52.04,76.93,-13.01,2.24
74,Atuona,68,PF,1546575854,100,-9.8,-139.03,81.0,13.35
75,Nizwa,12,OM,1546575855,73,22.93,57.53,48.79,1.95
76,Cape Town,0,ZA,1546574400,88,-33.93,18.42,64.4,9.17
77,Yellowknife,75,CA,1546570800,77,62.45,-114.38,-0.41,11.41
78,Havre-Saint-Pierre,40,CA,1546570800,77,50.23,-63.6,3.2,6.93
79,Evensk,12,RU,1546575857,100,61.92,159.24,-3.64,8.21
80,Pevek,64,RU,1546575858,83,69.7,170.27,-9.05,17.49
81,Esperance,75,TT,1546574400,83,10.24,-61.45,75.2,7.09
82,San Felipe,0,CL,1546575859,63,-32.75,-70.73,57.79,1.5
83,Manaure,0,CO,1546575860,88,11.78,-72.45,78.04,22.75
84,Port Alfred,12,ZA,1546575860,89,-33.59,26.89,68.41,13.02
85,Northam,0,GB,1546573800,86,51.04,-4.21,30.2,6.93
86,Avarua,90,CK,1546570800,88,-21.21,-159.78,78.8,2.24
87,Dolinsk,40,RU,1546574400,63,47.32,142.8,28.4,4.47
88,Lyubytino,76,RU,1546575862,92,58.81,33.39,24.98,5.08
89,Okha,32,RU,1546575863,86,53.59,142.95,12.47,22.41
90,Faanui,8,PF,1546575863,100,-16.48,-151.75,83.57,3.85
91,Cascais,90,PT,1546574400,100,38.7,-9.42,44.6,6.93
92,Bathsheba,75,BB,1546574400,74,13.22,-59.52,78.8,17.22
93,Tura,0,IN,1546575765,83,25.52,90.21,59.45,3.29
94,Rawson,36,AR,1546575867,28,-43.3,-65.11,70.52,6.31
95,Marsa Matruh,0,EG,1546570800,70,31.35,27.25,48.2,10.29
96,Tuktoyaktuk,90,CA,1546570800,84,69.44,-133.03,5.0,8.05
97,Koster,100,ZA,1546575868,99,-25.86,26.9,61.66,3.4
98,Severo-Kurilsk,48,RU,1546575869,100,50.68,156.12,25.97,14.81
99,Busselton,92,AU,1546575869,100,-33.64,115.35,66.25,12.24
100,Tasiilaq,92,GL,1546573800,86,65.61,-37.64,33.8,24.16
101,Vung Tau,92,VN,1546575870,100,10.35,107.08,78.04,21.3
102,Qaanaaq,0,GL,1546575871,66,77.48,-69.36,-4.91,8.21
103,Chapais,90,CA,1546573860,85,49.78,-74.86,15.8,9.17
104,Lagoa,0,PT,1546574400,87,37.14,-8.45,51.8,6.93
105,Iqaluit,5,CA,1546570800,75,63.75,-68.52,-20.21,2.24
106,Sao Filipe,32,CV,1546575874,96,14.9,-24.5,73.62,11.01
107,Svetlogorsk,90,RU,1546574400,77,53.14,59.15,3.2,6.2
108,New Norfolk,40,AU,1546574400,53,-42.78,147.06,75.2,17.22
109,Ilulissat,48,GL,1546573800,72,69.22,-51.1,15.8,4.7
110,Japura,12,ID,1546575876,74,-0.42,102.29,83.35,2.62
111,Richards Bay,44,ZA,1546575877,98,-28.77,32.06,65.8,5.19
112,Oussouye,0,SN,1546570800,88,12.49,-16.54,68.0,4.7
113,Moron,76,VE,1546575878,90,10.49,-68.2,68.85,2.73
114,Andapa,48,MG,1546575878,98,-14.66,49.65,70.47,1.61
115,Vanimo,48,PG,1546575879,100,-2.67,141.3,82.54,22.08
116,Rocha,0,UY,1546575880,81,-34.48,-54.34,54.5,3.74
117,Yulara,36,AU,1546574400,7,-25.24,130.99,111.2,5.82
118,Poum,80,MK,1546575881,76,41.28,20.71,15.4,1.95
119,Hermanus,0,ZA,1546575881,92,-34.42,19.24,52.16,3.85
120,Devils Lake,1,US,1546574100,100,48.11,-98.87,28.4,4.7
121,Sangar,56,RU,1546575883,37,63.92,127.47,-24.88,5.41
122,Victoria,75,BN,1546574400,74,5.28,115.24,87.8,8.05
123,Plettenberg Bay,0,ZA,1546575884,99,-34.05,23.37,64.58,5.3
124,Gat,0,SN,1546572600,45,14.69,-16.54,69.8,12.75
125,Brigham City,1,US,1546574100,80,41.51,-112.02,20.12,2.62
126,Yumen,12,CN,1546575886,70,40.29,97.04,0.86,3.18
127,Nador,0,MA,1546572600,81,35.17,-2.93,51.8,2.24
128,Half Moon Bay,75,US,1546574160,68,37.46,-122.43,50.0,6.93
129,Calama,0,CL,1546574400,23,-22.46,-68.93,60.8,8.05
130,Sola,90,NO,1546572000,100,58.89,5.65,44.6,5.82
131,Mahebourg,40,MU,1546574400,78,-20.41,57.7,82.4,10.29
132,Buraydah,0,SA,1546570800,93,26.33,43.97,44.6,3.36
133,Thompson,5,CA,1546570800,92,55.74,-97.86,15.8,8.05
134,Vangaindrano,56,MG,1546575891,97,-23.35,47.6,72.77,2.39
135,Slave Lake,90,CA,1546574400,79,55.28,-114.77,23.0,2.51
136,Udachnyy,8,RU,1546575892,58,66.42,112.4,-7.2,5.53
137,Ribeira Grande,92,PT,1546575893,99,38.52,-28.7,62.73,18.16
138,Beira,0,ES,1546572600,100,43.2,-8.36,37.4,5.82
139,Goya,92,AR,1546575894,91,-29.14,-59.27,70.3,12.68
140,Lake Havasu City,1,US,1546574100,24,34.47,-114.34,51.08,9.17
141,Russkaya Polyana,56,RU,1546575895,66,53.78,73.88,-8.68,4.97
142,Beloha,80,MG,1546575895,95,-25.17,45.06,73.35,5.41
143,Vaini,0,IN,1546574400,33,15.34,74.49,73.4,6.93
144,Kruisfontein,0,ZA,1546575896,85,-34.0,24.73,62.6,9.22
145,Fairbanks,20,US,1546573980,76,64.84,-147.72,-13.55,3.36
146,Toguchin,64,RU,1546575898,68,55.24,84.4,-9.32,2.84
147,Saskylakh,64,RU,1546575898,66,71.97,114.09,-0.77,10.67
148,Broome,0,GB,1546574160,86,52.47,1.45,32.0,4.7
149,Vilhena,24,BR,1546575899,93,-12.74,-60.15,72.95,2.06
150,Conde,88,BR,1546575696,87,-11.81,-37.61,78.4,7.54
151,Portland,90,US,1546570380,79,45.52,-122.67,51.98,11.41
152,Port Lincoln,12,AU,1546575901,80,-34.72,135.86,69.26,16.26
153,Port Blair,0,IN,1546575901,100,11.67,92.75,82.13,17.38
154,Ponta do Sol,80,BR,1546575902,97,-20.63,-46.0,67.32,3.06
155,Puerto Ayora,8,EC,1546575903,100,-0.74,-90.35,76.37,8.99
156,Pontianak,20,ID,1546574400,59,-0.02,109.34,89.6,3.36
157,San Ramon,92,NI,1546575904,86,12.92,-85.84,68.36,2.73
158,Vila Franca do Campo,40,PT,1546574400,93,37.72,-25.43,64.4,10.29
159,Belyy Yar,40,RU,1546574400,74,53.6,91.39,-22.01,0.38
160,Srednekolymsk,56,RU,1546575906,66,67.46,153.71,-4.23,3.4
161,Airai,88,TL,1546575906,60,-8.93,125.41,83.52,1.61
162,Nantucket,75,US,1546573980,64,41.28,-70.1,37.04,11.41
163,City of Passi,92,PH,1546575907,95,11.12,122.65,75.69,8.43
164,Lavrentiya,88,RU,1546575908,95,65.58,-170.99,11.52,16.04
165,San Francisco,40,US,1546573620,65,37.78,-122.42,50.0,5.64
166,Tabora,20,TZ,1546574400,100,-5.02,32.81,64.4,2.28
167,Batsfjord,75,NO,1546572000,92,70.63,29.72,23.0,5.82
168,Comodoro Rivadavia,0,AR,1546574400,82,-45.87,-67.48,57.2,4.7
169,Khatanga,64,RU,1546575910,69,71.98,102.47,-1.39,9.78
170,Coquimbo,0,CL,1546574400,87,-29.95,-71.34,57.2,5.82
171,Sinnamary,100,GF,1546575911,100,5.38,-52.96,75.11,9.66
172,Clyde River,90,CA,1546575420,84,70.47,-68.59,1.4,6.93
173,Namibe,36,AO,1546575912,100,-15.19,12.15,74.3,2.95
174,Adrar,0,DZ,1546575913,82,27.87,-0.29,41.05,9.55
175,Gorzow Wielkopolski,80,PL,1546575913,84,52.74,15.23,26.78,5.97
176,Bredasdorp,24,ZA,1546570800,93,-34.53,20.04,57.2,4.7
177,Mitsamiouli,90,KM,1546574400,94,-11.38,43.28,77.0,9.17
178,Talnakh,44,RU,1546575915,64,69.49,88.39,0.0,11.23
179,Sangmelima,8,CM,1546575916,94,2.93,11.98,69.12,2.51
180,Lakhnadon,0,IN,1546575916,67,22.6,79.61,53.6,2.73
181,Sungaipenuh,48,ID,1546575917,78,-2.08,101.38,75.2,1.28
182,Kalianget,20,ID,1546574400,66,-7.35,109.91,86.0,9.17
183,Narsaq,92,GL,1546575918,77,60.91,-46.05,21.79,8.21
184,Meulaboh,12,ID,1546575919,100,4.14,96.13,80.56,3.96
185,Chalon-sur-Saone,8,FR,1546574400,89,46.78,4.85,32.0,11.41
186,Nanortalik,92,GL,1546575920,87,60.14,-45.24,34.25,28.9
187,Pacific Grove,1,US,1546574040,67,36.62,-121.92,46.94,3.36
188,East London,0,ZA,1546574400,88,-33.02,27.91,64.4,5.82
189,Dikson,68,RU,1546575921,87,73.51,80.55,2.52,6.08
190,Gisborne,0,NZ,1546575922,62,-38.66,178.02,72.45,17.72
191,Klaksvik,92,FO,1546572000,93,62.23,-6.59,48.2,9.17
192,Coihaique,0,CL,1546574400,67,-45.58,-72.07,57.2,6.93
193,Inyonga,64,TZ,1546575923,97,-6.72,32.06,62.42,2.84
194,Lompoc,1,US,1546574160,76,34.64,-120.46,44.96,4.7
195,Cayenne,80,GF,1546574400,83,4.94,-52.33,78.8,10.29
196,Paamiut,80,GL,1546575925,100,61.99,-49.67,27.27,22.3
197,Ola,0,RU,1546575925,100,59.58,151.3,-0.9,12.8
198,Ust-Omchug,0,RU,1546575926,0,61.13,149.63,-43.38,2.73
199,Portree,92,GB,1546575926,100,57.41,-6.19,45.9,16.6
200,Shingu,0,JP,1546570800,43,33.72,135.99,50.0,3.36
201,Barrow,0,AR,1546575928,48,-38.31,-60.23,61.52,10.67
202,Riyadh,0,SA,1546570800,62,24.63,46.72,55.4,5.82
203,Barquisimeto,36,VE,1546575929,68,10.07,-69.32,73.76,7.54
204,Hithadhoo,68,MV,1546575929,100,-0.6,73.08,81.23,12.12
205,Lotofaga,75,WS,1546570800,66,-13.98,-171.86,89.6,11.41
206,Tiksi,36,RU,1546575930,56,71.64,128.87,-5.72,19.95
207,Alofi,92,NU,1546575931,100,-19.06,-169.92,76.69,15.48
208,Grand Gaube,40,MU,1546574400,78,-20.01,57.66,82.4,10.29
209,Minot,1,US,1546574160,69,48.23,-101.3,39.92,14.99
210,Gold Coast,0,AU,1546574400,54,-28.0,153.41,82.4,10.29
211,Miraflores,36,CO,1546575934,100,5.2,-73.14,47.57,1.16
212,Aylmer,75,CA,1546570800,86,42.77,-80.98,30.2,14.99
213,Palmer,0,AU,1546574400,60,-34.85,139.16,73.4,27.51
214,Caravelas,20,BR,1546575936,100,-17.73,-39.27,80.29,19.28
215,Kibala,0,TD,1546574400,55,9.11,18.35,66.2,9.78
216,Rubiataba,0,BR,1546575937,62,-15.16,-49.8,72.05,4.18
217,Araguari,24,BR,1546575938,82,-18.65,-48.19,72.0,3.06
218,Mkushi,48,ZM,1546575939,93,-13.61,29.4,59.85,2.84
219,Atherton,90,GB,1546573800,74,53.52,-2.49,37.4,2.24
220,Berezovyy,56,RU,1546575940,72,51.67,135.7,-6.88,3.29
221,Stuttgart,75,DE,1546573800,96,48.78,9.18,32.0,4.7
222,Lorengau,56,PG,1546575941,100,-2.02,147.27,82.45,16.26
223,Zhangjiakou,0,CN,1546575941,34,40.77,114.88,7.65,4.85
224,Saint-Francois,20,FR,1546574400,100,46.42,3.91,23.0,7.87
225,Guerrero Negro,0,MX,1546575942,68,27.97,-114.04,52.47,9.66
226,Turukhansk,80,RU,1546575943,74,65.8,87.96,10.13,19.28
227,Teguldet,76,RU,1546575943,70,57.31,88.17,-1.57,2.62
228,Aberdeen,1,US,1546573980,84,45.47,-98.49,28.04,10.29
229,Matara,92,PE,1546575945,94,-13.74,-72.9,46.17,1.5
230,Bud,92,NO,1546572000,93,62.91,6.91,46.4,20.8
231,Fort Nelson,5,CA,1546570800,84,58.81,-122.69,8.6,2.24
232,Eyl,76,SO,1546575946,98,7.98,49.82,75.02,18.05
233,Khandbari,0,NP,1546575947,50,27.38,87.21,17.51,1.61
234,Aurillac,0,FR,1546574400,79,44.93,2.44,28.4,3.36
235,Rach Gia,40,VN,1546574400,74,10.02,105.08,84.2,17.22
236,Saint-Joseph,0,FR,1546574400,92,43.56,6.97,26.6,2.24
237,Kieta,80,PG,1546575949,78,-6.22,155.63,86.95,10.67
238,Kodiak,1,US,1546573980,95,39.95,-94.76,35.6,5.82
239,Ribas do Rio Pardo,20,BR,1546575951,76,-20.45,-53.76,76.82,2.62
240,Kilindoni,68,TZ,1546575951,100,-7.91,39.67,81.91,12.01
241,Wagar,92,US,1546575952,96,31.44,-87.99,64.81,8.77
242,Eidsvag,92,NO,1546572000,93,62.78,8.07,44.6,36.91
243,Bilma,0,NE,1546575953,59,18.69,12.92,41.81,2.95
244,Panjab,92,AF,1546575953,87,34.38,67.02,27.05,4.18
245,Denpasar,20,ID,1546574400,62,-8.65,115.22,87.8,6.93
246,Cavaillon,0,FR,1546574400,59,43.83,5.04,35.6,16.11
247,Fomboni,76,KM,1546575955,100,-12.28,43.74,82.62,10.11
248,Cabo San Lucas,40,MX,1546570560,59,22.89,-109.91,60.8,8.05
249,Tabas,0,IR,1546570800,61,33.6,56.92,48.2,9.17
250,Reconquista,92,AR,1546575957,91,-29.14,-59.64,70.3,12.68
251,Pontalina,36,BR,1546575688,78,-17.52,-49.45,74.66,2.84
252,Namatanai,56,PG,1546575958,100,-3.66,152.44,83.21,13.91
253,Tommot,56,RU,1546575958,59,58.97,126.27,-2.93,6.42
254,Longyearbyen,20,NO,1546573800,72,78.22,15.63,15.8,3.36
255,Mayya,44,RU,1546574400,74,61.74,130.28,-27.41,2.24
256,Bilibino,44,RU,1546575960,39,68.06,166.44,-26.73,2.39
257,Hambantota,0,LK,1546571400,83,6.12,81.12,78.8,13.87
258,Torbay,5,CA,1546574400,92,47.66,-52.73,5.0,4.7
259,Rapid Valley,1,US,1546575300,62,44.06,-103.15,46.4,5.82
260,Vestmannaeyjar,100,IS,1546575962,93,63.44,-20.27,47.88,22.53
261,Oskarshamn,68,SE,1546573800,80,57.26,16.44,32.0,9.17
262,Parabel,80,RU,1546575963,71,58.71,81.5,-1.57,6.64
263,Hovd,75,NO,1546570200,93,63.83,10.7,44.6,19.46
264,Grindavik,90,IS,1546574400,100,63.84,-22.43,48.2,25.28
265,Lamu,24,ID,1546575965,83,0.57,122.3,83.25,2.84
266,Ahipara,0,NZ,1546575966,71,-35.17,173.16,72.23,16.82
267,Ruwi,12,OM,1546570200,82,23.6,58.55,66.2,3.36
268,Codrington,0,AU,1546574400,43,-28.95,153.24,91.4,14.99
269,Viesca,40,MX,1546570020,30,25.34,-102.81,55.4,2.62
270,Vestmanna,92,FO,1546572000,93,62.16,-7.17,48.2,9.17
271,Quthing,76,LS,1546575968,96,-30.4,27.7,55.35,2.95
272,Sibolga,80,ID,1546575968,100,1.74,98.78,70.39,1.39
273,Salmas,90,IR,1546570800,92,38.2,44.77,24.8,4.7
274,Goure,0,NE,1546575969,51,13.98,10.27,57.79,10.22
275,Kiama,0,AU,1546574400,55,-34.67,150.86,87.8,11.41
276,Prince Rupert,90,CA,1546573260,80,54.32,-130.32,35.6,4.7
277,Viedma,0,AR,1546575971,68,-40.81,-62.99,53.96,2.95
278,Gladstone,0,AU,1546574400,45,-23.84,151.26,86.0,23.04
279,Jinchang,44,CN,1546575972,71,38.52,102.19,6.17,1.61
280,Vila,0,IT,1546573800,62,45.18,8.4,32.0,2.24
281,Saint-Augustin,0,FR,1546574400,86,44.83,-0.61,30.2,8.05
282,Los Llanos de Aridane,20,ES,1546574400,63,28.66,-17.92,62.6,8.05
283,Inhambane,80,MZ,1546575975,100,-23.87,35.38,74.97,5.75
284,Grootfontein,40,NA,1546574400,88,-19.56,18.1,68.0,4.7
285,Batemans Bay,0,AU,1546575976,51,-35.71,150.18,89.15,6.64
286,Kirovskiy,24,RU,1546575976,55,45.09,133.51,16.65,3.51
287,San Quintin,12,PH,1546575977,59,17.54,120.52,83.66,1.28
288,Tongzi,76,CN,1546575977,97,28.78,105.09,43.7,4.18
289,Iwaki,75,JP,1546570800,56,37.05,140.89,41.0,12.75
290,Kapuskasing,90,CA,1546574400,92,49.42,-82.43,26.6,9.17
291,Sept-Iles,20,CA,1546574460,83,50.2,-66.38,-9.41,4.7
292,Paita,8,PE,1546575979,80,-5.09,-81.11,71.42,6.42
293,Inuvik,90,CA,1546570800,84,68.36,-133.71,8.6,9.17
294,Desbiens,80,CA,1546575980,76,48.42,-71.95,11.25,4.97
295,Labuhan,44,ID,1546575981,74,-2.54,115.51,86.22,3.29
296,Gushikawa,40,JP,1546574160,55,26.35,127.87,73.22,10.29
297,Nizhniy Tsasuchey,0,RU,1546575982,51,50.52,115.13,-0.13,16.37
298,Temozon,0,MX,1546575982,71,20.8,-88.22,76.5,6.2
299,Cabinda,92,AO,1546575983,99,-5.56,12.19,80.06,3.18
300,Bambous Virieux,40,MU,1546574400,78,-20.34,57.76,82.4,10.29
301,Port Hardy,75,CA,1546574400,93,50.7,-127.42,42.8,5.82
302,Semypolky,90,UA,1546574400,92,50.72,30.95,28.4,4.47
303,Harnai,44,PK,1546575985,83,30.1,67.94,40.15,2.73
304,Nemuro,20,JP,1546570800,58,43.32,145.57,28.4,9.17
305,Agidel,76,RU,1546575986,85,55.9,53.94,14.45,7.76
306,Vardo,1,US,1546574400,66,39.62,-77.74,35.06,4.7
307,Meshchovsk,92,RU,1546575987,94,54.32,35.29,26.06,3.4
308,Manacapuru,0,BR,1546574400,100,-3.3,-60.62,75.2,2.17
309,Hasaki,20,JP,1546572600,34,35.73,140.83,48.2,5.82
310,Mount Gambier,90,AU,1546574400,68,-37.83,140.78,66.2,17.22
311,Chor,8,PK,1546575989,86,25.52,69.77,49.73,2.95
312,Tatarsk,76,RU,1546575990,65,55.22,75.96,-3.56,3.29
313,Pisco,90,PE,1546574400,83,-13.71,-76.2,71.6,11.41
314,Teahupoo,20,PF,1546572600,62,-17.83,-149.27,87.8,6.93
315,Makat,68,KZ,1546575991,88,47.65,53.35,15.49,10.33
316,Roebourne,0,AU,1546575992,38,-20.77,117.15,96.75,11.34
317,Ambon,0,FR,1546574400,92,47.55,-2.56,32.0,8.05
318,Lyngseidet,75,NO,1546573800,100,69.58,20.21,33.8,4.7
319,Macae,44,BR,1546575994,93,-22.37,-41.79,71.51,2.62
320,Zaozhuang,92,CN,1546575994,93,34.86,117.55,34.65,8.1
321,Mehamn,92,NO,1546575995,94,71.03,27.85,21.15,3.74
322,Vila Velha,75,BR,1546574400,78,-3.71,-38.6,82.4,13.87
323,Clovis,40,US,1546574100,63,36.83,-119.7,46.94,2.62
324,Sao Jose da Coroa Grande,44,BR,1546575996,99,-8.9,-35.15,75.11,4.74
325,Kathmandu,20,NP,1546573800,70,27.71,85.32,46.4,2.24
326,Kapit,24,MY,1546575997,81,2.02,112.94,83.66,2.17
327,Eufaula,90,US,1546574100,96,31.89,-85.15,66.02,5.08
328,Pangkalanbuun,12,ID,1546575998,86,-2.68,111.62,86.68,4.18
329,Adelaide,0,AU,1546574400,60,-34.93,138.6,73.4,27.51
330,Niquelandia,0,BR,1546575999,77,-14.47,-48.46,69.8,2.73
331,Tiarei,20,PF,1546572600,62,-17.53,-149.33,87.8,6.93
332,Golcuv Jenikov,0,CZ,1546574400,92,49.82,15.48,24.8,9.17
333,Natal,40,BR,1546574400,74,-5.81,-35.21,80.6,12.75
334,Shumyachi,88,RU,1546576001,94,53.86,32.43,28.45,6.53
335,Spokane,1,US,1546574160,59,47.66,-117.42,42.98,6.93
336,Kaitangata,92,NZ,1546576002,83,-46.28,169.85,56.21,16.82
337,Lerwick,75,GB,1546573800,87,60.15,-1.15,48.2,24.16
338,Puerto Madryn,76,AR,1546576003,55,-42.77,-65.04,68.94,4.41
339,Huarmey,0,PE,1546576004,92,-10.07,-78.15,60.53,3.4
340,Moranbah,0,AU,1546576004,42,-22.0,148.04,90.91,14.58
341,Toamasina,20,MG,1546574400,94,-18.17,49.38,78.8,2.24
342,Megion,90,RU,1546574400,92,61.04,76.11,15.8,13.42
343,Biak,76,ID,1546576006,76,-0.91,122.88,86.41,2.62
344,Pulivendla,0,IN,1546574400,69,14.42,78.23,75.2,4.7
345,Saldanha,0,PT,1546576008,74,41.42,-6.55,19.13,2.62
346,Sierra Vista,1,US,1546570680,74,31.55,-110.3,39.02,2.62
347,Falesti,0,MD,1546574400,73,47.57,27.71,21.2,8.05
348,Smithers,90,CA,1546570800,92,54.78,-127.17,24.8,3.36
349,Muros,0,ES,1546572600,100,42.77,-9.06,37.4,4.7
350,Guatire,88,VE,1546576011,95,10.47,-66.54,69.57,2.06
351,Borogontsy,48,RU,1546576012,38,62.67,131.17,-25.07,3.18
352,Deputatskiy,8,RU,1546576012,0,69.3,139.9,-23.72,5.08
353,Kavieng,68,PG,1546576013,100,-2.57,150.8,84.79,15.03
354,Moses Lake,1,US,1546573980,68,47.13,-119.28,44.96,12.75
355,Cairns,40,AU,1546574400,55,-16.92,145.77,89.6,16.11
356,Yichang,92,CN,1546576015,98,30.77,111.32,37.22,4.29
357,La Union,12,GT,1546576016,94,14.97,-89.29,64.0,1.95
358,Ponta Delgada,40,PT,1546574400,93,37.73,-25.67,64.4,10.29
359,San Marcos,20,GT,1546575874,95,14.97,-91.79,56.7,1.95
360,Ambovombe,56,MG,1546576017,97,-25.18,46.09,74.8,7.43
361,Makakilo City,1,US,1546574220,55,21.35,-158.09,78.08,8.05
362,Whitehorse,90,CA,1546570800,92,60.72,-135.06,14.0,6.93
363,Ulety,12,RU,1546576019,54,51.36,112.48,-7.11,10.0
364,Maumere,56,ID,1546576019,98,-8.63,122.22,82.08,12.24
365,De-Kastri,12,RU,1546576020,100,51.48,140.77,11.8,12.24
366,Sao Joao da Barra,64,BR,1546576020,100,-21.64,-41.05,76.91,25.32
367,Talcahuano,0,CL,1546574400,87,-36.72,-73.12,55.4,9.17
368,Sitka,0,US,1546576022,72,37.17,-99.65,24.4,7.99
369,Mandalgovi,0,MN,1546576022,53,45.76,106.27,-7.43,3.18
370,Fare,8,PF,1546576023,100,-16.7,-151.02,84.02,5.64
371,Alkhazurovo,90,RU,1546574400,75,43.06,45.65,33.8,2.24
372,Marsh Harbour,88,BS,1546576024,100,26.54,-77.06,75.25,11.12
373,Menongue,36,AO,1546576024,97,-14.66,17.68,60.57,2.39
374,Nenjiang,56,CN,1546576025,56,49.17,125.23,2.75,7.76
375,Leshukonskoye,68,RU,1546576025,87,64.9,45.76,15.31,3.06
376,Aden,92,YE,1546576026,100,12.79,45.03,76.1,12.68
377,Ulladulla,0,AU,1546574400,55,-35.36,150.48,87.8,11.41
378,Dolzhanskaya,92,RU,1546576027,100,46.63,37.8,27.63,16.49
379,Sechura,0,PE,1546576028,87,-5.56,-80.82,71.37,7.99
380,Jacksonville,1,US,1546575300,100,30.33,-81.66,69.08,4.07
381,Yarada,0,IN,1546572600,77,17.65,83.27,69.8,4.7
382,Margate,40,AU,1546574400,53,-43.03,147.26,75.2,17.22
383,Placido de Castro,12,BR,1546576030,92,-10.34,-67.19,77.0,2.06
384,Sistranda,75,NO,1546570200,100,63.73,8.83,44.6,25.28
385,Peace River,75,CA,1546570800,72,56.23,-117.29,15.8,9.17
386,Luderitz,24,NA,1546576031,87,-26.65,15.16,59.0,13.8
387,Campobasso,88,IT,1546576032,76,41.56,14.66,30.25,4.74
388,Gamovo,90,RU,1546574400,85,57.87,56.11,21.2,11.18
389,Tiznit,0,MA,1546576033,91,29.7,-9.73,46.76,5.19
390,Samarai,24,PG,1546576034,100,-10.62,150.67,82.81,24.87
391,Dibrugarh,75,IN,1546574400,87,27.48,94.9,60.8,5.82
392,Praia,0,BR,1546570800,83,-20.25,-43.81,73.4,2.24
393,Aviles,0,ES,1546572600,86,43.55,-5.92,37.4,4.7
394,San Cristobal,40,EC,1546574400,82,-0.39,-78.55,57.2,4.7
395,Rongcheng,56,CN,1546576037,59,37.16,122.42,38.66,4.85
396,Christchurch,12,NZ,1546572600,64,-43.53,172.64,68.0,17.22
397,Agadez,0,NE,1546576038,63,16.97,7.99,46.67,2.95
398,Norton,20,ZW,1546576039,99,-17.87,30.7,64.18,5.41
399,High Level,0,CA,1546576040,86,58.52,-117.13,19.22,4.63
400,Antonina,40,BR,1546574400,73,-25.43,-48.71,77.0,8.05
401,Geraldton,90,CA,1546573020,92,49.72,-86.95,30.2,10.29
402,Dubai,0,AE,1546570800,55,25.27,55.3,66.2,2.24
403,Ramanuj Ganj,0,IN,1546576042,71,23.81,83.7,54.19,4.74
404,Seydi,0,NE,1546576042,55,13.34,7.75,53.19,9.1
405,Fortuna,0,ES,1546572600,87,38.18,-1.13,42.8,10.29
406,Kalmunai,0,LK,1546576043,92,7.42,81.82,75.38,6.64
407,Ucluelet,92,CA,1546576044,100,48.94,-125.55,43.02,3.18
408,Pouembout,56,NC,1546576045,46,-21.12,164.9,83.57,8.43
409,Karlstad,24,SE,1546573800,74,59.38,13.5,35.6,6.93
410,Shelburne,90,CA,1546574400,88,44.08,-80.2,32.0,14.99
411,Pringsewu,48,ID,1546576046,74,-5.36,104.98,83.66,2.51
412,Ust-Kuyga,44,RU,1546576047,75,70.0,135.55,-17.68,3.18
413,Wencheng,92,CN,1546576048,100,27.79,120.09,49.46,2.84
414,Sidi Ali,0,DZ,1546576048,83,36.1,0.42,33.57,2.62
415,Jaslo,90,PL,1546572600,79,49.75,21.47,24.8,10.29
416,Rio Grande,12,BR,1546576049,97,-32.03,-52.1,68.0,9.33
417,Bambanglipuro,0,ID,1546576050,73,-7.95,110.28,84.47,5.3
418,Magadi,0,IN,1546574400,55,12.96,77.22,64.4,8.05
419,Waingapu,92,ID,1546576051,100,-9.65,120.26,76.01,11.9
420,Mogzon,12,RU,1546576052,54,51.74,111.97,-7.11,10.0
421,Tibati,12,CM,1546576052,37,6.47,12.63,67.5,7.65
422,Joutseno,90,FI,1546573800,92,61.11,28.48,8.6,3.36
423,Ahuimanu,75,US,1546574220,68,21.44,-157.84,78.08,13.87
424,El Paso,1,US,1546573860,69,31.76,-106.49,35.6,5.82
425,Isangel,20,VU,1546576054,100,-19.55,169.27,78.26,22.97
426,Saint Anthony,90,US,1546573980,84,43.97,-111.68,21.02,3.36
427,Cochrane,0,CL,1546575773,59,-47.25,-72.57,53.33,7.31
428,Kimbe,92,PG,1546576056,100,-5.56,150.15,77.45,10.0
429,Santa Maria,8,BR,1546576057,96,-29.69,-53.81,64.67,11.45
430,Karasburg,0,NA,1546576058,48,-28.01,18.75,62.65,5.97
431,Palu,68,ID,1546576059,61,-0.9,119.87,80.06,2.17
432,Sao Felix do Xingu,36,BR,1546576060,99,-6.64,-51.99,73.85,2.06
433,Llanes,0,ES,1546576060,52,43.42,-4.75,21.79,1.95
434,Benguela,20,AO,1546576060,100,-12.58,13.4,73.9,2.17
435,Acapulco,0,MX,1546576061,81,16.86,-99.88,72.95,5.3
436,Nome,90,US,1546575300,82,30.04,-94.42,46.04,9.17
437,Bembereke,0,BJ,1546576062,43,10.23,2.66,63.55,7.09
438,Morwell,0,AU,1546576063,18,-38.24,146.4,102.25,6.87
439,Cherskiy,68,RU,1546576063,79,68.75,161.3,-18.36,5.86
440,Araouane,0,ML,1546576064,47,18.9,-3.53,46.67,6.76
441,Zhigansk,56,RU,1546576064,75,66.77,123.37,-11.43,8.43
442,Te Anau,88,NZ,1546576065,54,-45.41,167.72,61.43,8.21
443,Chipurupalle,0,IN,1546576065,66,18.32,83.57,68.41,3.74
444,Wewak,56,PG,1546576066,78,-3.55,143.63,85.23,6.2
445,Sarankhola,0,BD,1546576067,67,22.31,89.79,67.95,5.41
446,Eirunepe,56,BR,1546576067,95,-6.66,-69.87,75.56,2.39
447,Chapeco,75,BR,1546570800,100,-27.1,-52.62,71.6,4.7
448,Mandurah,0,AU,1546574400,40,-32.55,115.7,73.4,18.34
449,Vuktyl,80,RU,1546576069,88,63.86,57.31,19.58,4.74
450,Yuli,0,NG,1546576070,54,10.52,9.86,53.65,5.19
451,Okakarara,36,NA,1546576070,96,-20.59,17.46,62.1,2.84
452,Leon,1,US,1546575300,80,40.74,-93.75,35.96,6.93
453,Qianan,0,CN,1546576071,46,44.99,124.06,13.91,15.82
454,Lindon,1,US,1546575300,85,40.34,-111.72,19.04,1.05
455,Veraval,0,FR,1546574400,86,49.65,0.71,37.4,5.82
456,Ambatondrazaka,68,MG,1546576073,97,-17.82,48.43,67.46,1.72
457,Ushibuka,0,JP,1546576074,94,32.19,130.02,51.17,1.72
458,Salalah,20,OM,1546570200,59,17.01,54.1,66.2,5.82
459,North Bend,20,US,1546570560,68,43.41,-124.22,51.98,17.22
460,Kaeo,0,NZ,1546576075,44,-35.1,173.78,78.57,17.38
461,Carmen,68,PH,1546576069,44,7.2,124.8,90.95,3.62
462,Dongsheng,92,CN,1546576076,100,29.72,112.52,41.05,8.55
463,Peniche,0,PT,1546574400,81,39.36,-9.38,42.8,5.82
464,Hamilton,40,BM,1546574100,88,32.3,-64.78,69.8,24.16
465,Miami Beach,1,US,1546575360,82,45.45,-84.56,35.24,12.75
466,Dhidhdhoo,0,MV,1546576079,100,6.88,73.1,82.4,10.33
467,Nara,20,JP,1546572600,57,34.68,135.8,48.2,3.36
468,Santiago de Cuba,20,CU,1546570560,83,20.03,-75.83,76.46,3.36
469,Hearst,92,CA,1546576081,88,49.69,-83.67,27.86,7.2
470,Adet,0,ET,1546576082,63,11.26,37.49,46.76,5.64
471,Besikduzu,0,TR,1546573800,66,41.05,39.23,53.6,4.7
472,San Patricio,12,PY,1546576083,97,-26.98,-56.83,77.27,2.17
473,Ouallam,0,NE,1546576083,38,14.32,2.08,58.23,12.68
474,Santiago de las Vegas,20,CU,1546570500,100,22.97,-82.39,68.0,3.62
475,Kenai,1,US,1546574160,87,60.55,-151.26,12.92,5.82
476,Souillac,0,FR,1546574400,69,45.6,-0.6,33.8,8.05
477,Russell,0,AR,1546576086,62,-33.01,-68.8,54.45,2.51
478,Nova Granada,75,BR,1546570800,78,-20.53,-49.32,75.2,6.93
479,Muroto,20,JP,1546570800,37,33.37,134.14,51.8,3.36
480,Bombay,90,US,1546573980,81,44.94,-74.57,30.92,8.05
481,Dondo,90,MZ,1546574400,94,-19.62,34.74,75.2,8.88
482,Borazjan,8,IR,1546572600,63,29.27,51.21,60.8,16.11
483,Victor Harbor,0,AU,1546574400,60,-35.55,138.62,73.4,27.51
484,Ixtapa,12,MX,1546576090,91,20.71,-105.21,59.5,1.39
485,Cockburn Town,88,TC,1546575874,99,21.46,-71.14,79.07,20.51
486,Guantanamo,20,BO,1546576092,86,-16.14,-62.05,77.05,3.06
487,Albion,1,US,1546574160,82,41.69,-98.0,35.96,3.36
488,Lujan,80,AR,1546576093,38,-46.57,-67.67,64.4,15.82
489,Rancho Palos Verdes,5,US,1546573980,76,33.75,-118.37,55.94,6.93
490,Yaan,32,NG,1546576094,48,7.38,8.57,67.77,4.74
491,Ullapool,92,GB,1546576094,100,57.9,-5.16,45.9,18.28
492,Nuuk,76,GL,1546573800,85,64.17,-51.74,17.6,11.41
493,Nova Bystrice,88,CZ,1546576095,87,49.02,15.1,22.73,9.33
494,Lakatoro,36,VU,1546576096,74,-16.11,167.42,84.65,10.0
495,Brae,92,GB,1546573800,93,60.4,-1.35,48.2,23.04
496,Goderich,24,CA,1546576097,86,43.74,-81.71,34.16,20.07
497,Shimoda,75,JP,1546572720,46,34.7,138.93,50.0,4.7
498,Cap Malheureux,40,MU,1546574400,78,-19.98,57.61,82.4,10.29
499,Asyut,0,EG,1546570800,81,27.18,31.19,44.6,6.93
500,Lazaro Cardenas,5,MX,1546570320,51,28.39,-105.62,35.6,3.36
501,Banda Aceh,8,ID,1546575903,69,5.56,95.32,83.21,3.62
502,Dawei,64,MM,1546576100,53,14.07,98.19,79.3,4.74
503,Kupang,75,ID,1546574400,89,-10.16,123.6,86.0,12.75
504,Rutana,32,BI,1546576101,100,-3.93,29.99,56.35,2.17
505,Tuy Hoa,80,VN,1546576102,100,13.08,109.3,75.56,13.24
506,Mogoytuy,12,RU,1546576102,41,51.28,114.93,-0.36,15.59
507,Umm Kaddadah,12,SD,1546576103,40,13.6,26.69,55.08,12.01
508,Shenzhen,75,CN,1546574400,82,22.54,114.05,68.0,6.71
509,Jumla,0,NP,1546576104,49,29.28,82.18,10.67,1.39
510,Felanitx,40,ES,1546572600,90,39.47,3.15,32.0,3.36
511,Lakes Entrance,0,AU,1546576105,37,-37.88,147.99,93.6,8.43
512,Blackfoot,90,US,1546573980,87,43.19,-112.35,14.0,5.82
513,Touros,20,BR,1546574400,83,-5.2,-35.46,78.8,4.7
514,Tromso,75,NO,1546575600,97,69.65,18.96,33.8,4.7
515,Brookhaven,1,US,1546575300,81,40.78,-72.92,39.92,4.85
516,Aswan,0,EG,1546576108,100,24.09,32.9,40.69,6.98
517,Mountain Home,90,US,1546573980,63,43.13,-115.69,30.92,12.75
518,Olinda,75,EC,1546574400,74,-2.03,-79.75,80.6,6.93
519,Yerbogachen,68,RU,1546576110,65,61.28,108.01,-8.91,8.32
520,Kudahuvadhoo,20,MV,1546576110,100,2.67,72.89,82.22,10.0
521,Ladario,0,PT,1546576111,69,40.7,-7.74,20.7,2.73
522,Vostochnyy,88,RU,1546574400,100,55.82,37.87,26.6,2.24
523,Kondinskoye,80,RU,1546576112,92,59.65,67.41,19.31,6.98
524,Tondano,75,ID,1546574400,94,1.3,124.91,75.2,4.7
525,Tuatapere,32,NZ,1546576113,84,-46.13,167.69,60.53,16.26
526,Kattivakkam,20,IN,1546572600,83,13.22,80.32,75.2,4.7
527,Bara,0,NG,1546576115,39,10.41,10.6,62.29,7.65
528,Chernoistochinsk,64,RU,1546576115,76,57.74,59.87,17.78,7.54
529,Kloulklubed,90,PW,1546573800,88,7.04,134.26,78.8,14.99
530,Pokhara,0,NP,1546576116,47,28.21,83.99,40.01,3.51
531,Haines Junction,8,CA,1546576117,67,60.75,-137.51,-7.52,2.06
532,Rock Sound,92,BS,1546576117,100,24.9,-76.2,76.55,11.56
533,Truro,48,GB,1546573800,75,50.26,-5.05,44.6,10.29
